Energy carrier,Type,Sector,Category
Electricity,DSO,Demand,Agriculture
Electricity,DSO,Demand,Buildings
Electricity,DSO,Demand,Buildings_hp_electric
Electricity,DSO,Demand,Buildings_hp_hybrid
Electricity,TSO,Demand,CO2_storage
Electricity,DSO,Demand,Datacenters
Electricity,TSO,Demand,Datacenters
Electricity,TSO,Demand,Direct_air_capture
Electricity,DSO,Demand,District_heat_network
Electricity,DSO,Demand,Households
Electricity,DSO,Demand,Households_hp_electric
Electricity,DSO,Demand,Households_hp_hybrid
Electricity,DSO,Demand,Industry_aluminium
Electricity,DSO,Demand,Industry_chemicals
Electricity,TSO,Demand,Industry_chemicals
Electricity,DSO,Demand,Industry_food
Electricity,TSO,Demand,Industry_fuels
Electricity,DSO,Demand,Industry_metals
Electricity,TSO,Demand,Industry_metals
Electricity,DSO,Demand,Industry_other
Electricity,TSO,Demand,Industry_other
Electricity,DSO,Demand,Industry_paper
Electricity,TSO,Demand,Industry_refineries
Electricity,TSO,Demand,Industry_steel
Electricity,TSO,Demand,Other_demand
Electricity,DSO,Demand,Transport_bus
Electricity,DSO,Demand,Transport_car
Electricity,DSO,Demand,Transport_other
Electricity,TSO,Demand,Transport_plane
Electricity,DSO,Demand,Transport_ship
Electricity,DSO,Demand,Transport_train
Electricity,DSO,Demand,Transport_tram
Electricity,DSO,Demand,Transport_truck
Electricity,DSO,Demand,Transport_van
Electricity,TSO,Exchange,BE
Electricity,TSO,Exchange,BE (MPI)
Electricity,TSO,Exchange,DE
Electricity,TSO,Exchange,DE (MPI)
Electricity,TSO,Exchange,DK
Electricity,TSO,Exchange,DK (MPI)
Electricity,TSO,Exchange,NO
Electricity,TSO,Exchange,NO (MPI)
Electricity,TSO,Exchange,Not used
Electricity,TSO,Exchange,UK
Electricity,TSO,Exchange,UK (MPI)
Electricity,DSO,Flexibility,Agriculture_CHP
Electricity,DSO,Flexibility,Agriculture_PtH
Electricity,DSO,Flexibility,Battery_households
Electricity,DSO,Flexibility,Battery_solar_PV
Electricity,TSO,Flexibility,Battery_solar_PV
Electricity,DSO,Flexibility,Battery_system
Electricity,TSO,Flexibility,Battery_system
Electricity,DSO,Flexibility,Battery_transport
Electricity,DSO,Flexibility,Battery_wind_onshore
Electricity,TSO,Flexibility,Battery_wind_onshore
Electricity,TSO,Flexibility,Curtailment
Electricity,DSO,Flexibility,Datacenters_DSR
Electricity,TSO,Flexibility,Datacenters_DSR
Electricity,TSO,Flexibility,Deficit
Electricity,DSO,Flexibility,District_PtH
Electricity,TSO,Flexibility,Hydro_storage
Electricity,TSO,Flexibility,IDES_storage
Electricity,DSO,Flexibility,Industry_chemicals_DSR
Electricity,TSO,Flexibility,Industry_chemicals_DSR
Electricity,DSO,Flexibility,Industry_chemicals_PtH
Electricity,TSO,Flexibility,Industry_chemicals_PtH
Electricity,DSO,Flexibility,Industry_food_PtH
Electricity,TSO,Flexibility,Industry_food_PtH
Electricity,DSO,Flexibility,Industry_hydrogen_CHP
Electricity,DSO,Flexibility,Industry_metals_DSR
Electricity,TSO,Flexibility,Industry_metals_DSR
Electricity,DSO,Flexibility,Industry_methane_CHP
Electricity,TSO,Flexibility,Industry_methane_CHP
Electricity,DSO,Flexibility,Industry_other_DSR
Electricity,TSO,Flexibility,Industry_other_DSR
Electricity,DSO,Flexibility,Industry_paper_PtH
Electricity,TSO,Flexibility,Industry_refineries_PtH
Electricity,TSO,Flexibility,MDES_storage
Electricity,TSO,Flexibility,Power_plant_coal
Electricity,TSO,Flexibility,Power_plant_hydrogen
Electricity,TSO,Flexibility,Power_plant_hydrogen_backup
Electricity,TSO,Flexibility,Power_plant_methane
Electricity,TSO,Flexibility,Power_plant_methane_backup
Electricity,DSO,Flexibility,Power_plant_methane_CHP
Electricity,TSO,Flexibility,Power_plant_methane_CHP
Electricity,TSO,Flexibility,Power_plant_nuclear
Electricity,TSO,Flexibility,Power_plant_nuclear_SMR
Electricity,DSO,Flexibility,Power_plant_other
Electricity,DSO,Flexibility,Power_plant_waste
Electricity,TSO,Flexibility,Power_plant_waste
Electricity,TSO,Flexibility,Power_to_gas_offshore
Electricity,DSO,Flexibility,Power_to_gas_onshore
Electricity,TSO,Flexibility,Power_to_gas_onshore
Electricity,DSO,Supply,Hydro_RoR
Electricity,DSO,Supply,Power_plant_biomass
Electricity,TSO,Supply,Power_plant_biomass
Electricity,DSO,Supply,Solar_PV_buildings
Electricity,DSO,Supply,Solar_PV_field
Electricity,TSO,Supply,Solar_PV_field
Electricity,DSO,Supply,Solar_PV_households
Electricity,TSO,Supply,Wind_offshore
Electricity,TSO,Supply,Wind_offshore_hybrid
Electricity,DSO,Supply,Wind_onshore
Electricity,TSO,Supply,Wind_onshore
Hydrogen,DSO,Demand,Agriculture
Hydrogen,DSO,Demand,Buildings_combi_boiler
Hydrogen,DSO,Demand,Buildings_hp_hybrid
Hydrogen,DSO,Demand,District_heat_network
Hydrogen,DSO,Demand,Households_combi_boiler
Hydrogen,DSO,Demand,Households_hp_hybrid
Hydrogen,DSO,Demand,Industry_aluminium
Hydrogen,DSO,Demand,Industry_chemicals
Hydrogen,TSO,Demand,Industry_chemicals
Hydrogen,TSO,Demand,Industry_food
Hydrogen,TSO,Demand,Industry_fuels
Hydrogen,DSO,Demand,Industry_heat_network
Hydrogen,DSO,Demand,Industry_hydrogen_CHP
Hydrogen,TSO,Demand,Industry_metals
Hydrogen,DSO,Demand,Industry_other
Hydrogen,DSO,Demand,Industry_paper
Hydrogen,TSO,Demand,Industry_refineries
Hydrogen,TSO,Demand,Industry_steel
Hydrogen,TSO,Demand,Other_demand
Hydrogen,DSO,Demand,Transport
Hydrogen,TSO,Demand,Transport_plane
Hydrogen,TSO,Demand,Transport_ship
Hydrogen,TSO,Exchange,Export
Hydrogen,TSO,Exchange,Import
Hydrogen,TSO,Flexibility,Power_plant_hydrogen
Hydrogen,TSO,Flexibility,Power_plant_hydrogen_backup
Hydrogen,DSO,Flexibility,Power_to_gas_onshore
Hydrogen,TSO,Flexibility,Power_to_gas_onshore
Hydrogen,TSO,Flexibility,Storage
Hydrogen,TSO,Supply,Ammonia_reformer
Hydrogen,TSO,Supply,Biomass_hydrogen_production
Hydrogen,TSO,Supply,Blue_hydrogen_production
Hydrogen,TSO,Supply,Grey_hydrogen_production
Hydrogen,DSO,Supply,Industry_chemicals
Hydrogen,TSO,Supply,Industry_chemicals
Hydrogen,TSO,Supply,Industry_refineries
Hydrogen,TSO,Supply,Liquid_hydrogen
Hydrogen,TSO,Supply,LOHC
Hydrogen,TSO,Supply,Power_to_gas_solar_PV
Hydrogen,TSO,Supply,Power_to_gas_wind_offshore_dedicated
Hydrogen,TSO,Supply,Power_to_gas_wind_offshore_hybrid
Methane,DSO,Demand,Agriculture
Methane,DSO,Demand,Agriculture_CHP
Methane,TSO,Demand,Biomass_hydrogen_production
Methane,TSO,Demand,Blue_hydrogen_production
Methane,DSO,Demand,Buildings
Methane,DSO,Demand,Buildings_combi_boiler
Methane,DSO,Demand,Buildings_hp_hybrid
Methane,DSO,Demand,District_heat_network
Methane,TSO,Demand,Grey_hydrogen_production
Methane,DSO,Demand,Households
Methane,DSO,Demand,Households_combi_boiler
Methane,DSO,Demand,Households_hp_hybrid
Methane,TSO,Demand,Industry_aluminium
Methane,DSO,Demand,Industry_chemicals
Methane,TSO,Demand,Industry_chemicals
Methane,DSO,Demand,Industry_food
Methane,TSO,Demand,Industry_food
Methane,TSO,Demand,Industry_fuels
Methane,DSO,Demand,Industry_heat_network
Methane,DSO,Demand,Industry_metals
Methane,TSO,Demand,Industry_metals
Methane,DSO,Demand,Industry_methane_CHP
Methane,DSO,Demand,Industry_other
Methane,TSO,Demand,Industry_other
Methane,DSO,Demand,Industry_other_non_energetic
Methane,DSO,Demand,Industry_paper
Methane,TSO,Demand,Industry_paper
Methane,TSO,Demand,Industry_refineries
Methane,TSO,Demand,Industry_steel
Methane,DSO,Demand,Other_demand
Methane,DSO,Demand,Transport_other
Methane,TSO,Exchange,Export
Methane,TSO,Exchange,Import
Methane,TSO,Flexibility,Power_plant_methane
Methane,TSO,Flexibility,Power_plant_methane_backup
Methane,DSO,Flexibility,Power_plant_methane_CHP
Methane,TSO,Flexibility,Power_plant_methane_CHP
Methane,TSO,Flexibility,Storage
Methane,TSO,Supply,Green_gas_dry_gasification
Methane,DSO,Supply,Green_gas_fermentation
Methane,TSO,Supply,Green_gas_wet_gasification
Methane,DSO,Supply,Industry_chemicals
Methane,TSO,Supply,Industry_chemicals
Methane,TSO,Supply,Industry_refineries
Methane,TSO,Supply,Natural_gas_production
